date,pick,dateText,time,cost,presenter,event,eventLink,title,link,format,director,year,notes,venue,city,title2,director2,year2,title3,director3,year3
2026-07-02,FALSE,Wed 7/1,7p,$11.75,Summer of Studio Ghibli,,,When Marnie Was There,https://marquee-arts.org/event-page/?showingId=1014825&eventId=736709,,Hiromasa Yonebayashi,2014,in Japanese with English subtitles,Michigan Theater,Ann Arbor,,,,,,
2026-07-03,FALSE,Thu 7/2,7p,$11.75,Happy Birthday Mel Brooks,,,Blazing Saddles,https://marquee-arts.org/event-page/?showingId=1014082&eventId=871379,,Mel Brooks,1974,,Michigan Theater,Ann Arbor,,,,,,
2026-07-04,TRUE,Fri 7/3,7p,$11.75,,,,Raiders of the Lost Ark,https://marquee-arts.org/event-page/?showingId=1017006&eventId=686508,35MM,Steven Spielberg,1981,,Michigan Theater,Ann Arbor,,,,,,
2026-07-04,FALSE,Fri 7/3,9:30p,$11.75,Late Night Classics,,,Sleepaway Camp,https://marquee-arts.org/event-page/?showingId=1015423&eventId=1015422,,Robert Hiltzik,1983,,Michigan Theater,Ann Arbor,,,,,,
2026-07-05,FALSE,Sat 7/4,1p,$11.75,,,,National Treasure,https://marquee-arts.org/event-page/?showingId=1017176&eventId=1017175,,Jon Turteltaub,2004,,Michigan Theater,Ann Arbor,,,,,,
2026-07-06,FALSE,Sun 7/5,1:30p,$11.75,Summer Classics,,,Bad News Bears,https://marquee-arts.org/event-page/?showingId=1015429&eventId=1015428,,Michael Ritchie,1976,,Michigan Theater,Ann Arbor,,,,,,
2026-07-06,FALSE,Sun 7/5,5p,$11.75,,,,National Treasure,https://marquee-arts.org/event-page/?showingId=1017176&eventId=1017175,,Jon Turteltaub,2004,,Michigan Theater,Ann Arbor,,,,,,
2026-07-08,FALSE,Tue 7/7,7p,$11.75,Arthouse Revival,,,Cabaret,https://marquee-arts.org/event-page/?showingId=1014084&eventId=1014083,,Bob Fosse,1972,,Michigan Theater,Ann Arbor,,,,,,
2026-07-09,FALSE,Wed 7/8,6p,FREE,,,,Safe,https://www.instagram.com/p/DZXzyIFEfNB/?img_index=5,,Todd Haynes,1995,,The Black Salt,Detroit,The Shrouds,David Cronenberg,2025,,,
2026-07-09,FALSE,Wed 7/8,7p,$11.75,Summer of Studio Ghibli,,,Tales from Earthsea,https://marquee-arts.org/event-page/?showingId=1015105&eventId=1015104,,Goro Miyazaki,2006,,Michigan Theater,Ann Arbor,,,,,,
2026-07-10,FALSE,Thu 7/9,2p,$6.25,,,,The Last Waltz,https://marquee-arts.org/event-page/?showingId=1021084&eventId=652758,,Martin Scorsese,1978,,Michigan Theater,Ann Arbor,,,,,,
2026-07-10,FALSE,Thu 7/9,7p,$11.75,Happy Birthday Mel Brooks,,,High Anxiety,https://marquee-arts.org/event-page/?showingId=1014091&eventId=1014089,,Mel Brooks,1977,,Michigan Theater,Ann Arbor,,,,,,
2026-07-11,TRUE,Fri 7/10,7p,$15,Campfire Film Collective,The Ear and the Eye,https://www.zeffy.com/en-US/ticketing/the-ear-and-the-eye-july-edition,,,,,,films by Max Lovy and Michael Hubbard with live score byJared Talaga. Chad Morgan-Sterenberg and Chris Peters,Cadieux Stage,Detroit,,,,,,
2026-07-11,FALSE,Fri 7/10,7p,$11.75,,,,High Fidelity,https://marquee-arts.org/event-page/?showingId=1020026&eventId=1018610,,Stephen Frears,2000,,Michigan Theater,Ann Arbor,,,,,,
2026-07-11,FALSE,Fri 7/10,8p,$7,,,,The Blues Brothers,https://redfordtheatre.com/events/the-blues-brothers-1980-on-35mm-film/,35MM,John Landis,1980,,Redford Theatre,Detroit,,,,,,
2026-07-11,FALSE,Fri 7/10,9:30p,$11.75,Late Night Classics,,,Midsommar,https://marquee-arts.org/event-page/?showingId=1014086&eventId=457077,,Ari Aster,2019,,Michigan Theater,Ann Arbor,,,,,,
2026-07-11,FALSE,Fri 7/10,7p,,Doom City Cinema,,,City of the Living Dead,https://www.instagram.com/p/DZ5LIP9Rqgn/,,Lucio Fulci,1980,,Carbon Athletic Club,Detroit,Messiah of Evil,,Willard Huyck & Gloria Katz,1974,,
2026-07-12,FALSE,Sat 7/11,1:30p,$11.75,Martial Arts Matinees,,,Drunken Master,https://marquee-arts.org/event-page/?showingId=1015427&eventId=1015425,,Yuen Woo-ping,1978,in Cantonese with English subtitles,Michigan Theater,Ann Arbor,,,,,,
2026-07-12,FALSE,Sat 7/11,2p,$7,,,,Yankee Doodle Dandy,https://redfordtheatre.com/events/yankee-doodle-dandy-1942/,,Michael Curtiz,1942,,Redford Theatre,Detroit,,,,,,
2026-07-12,FALSE,Sat 7/11,4p,$11.75,The Popcorn List's Pop-Up Series 2026,,,WTO/99,https://marquee-arts.org/event-page/?showingId=1016986&eventId=1016985,,Ian Bell,2025,,Michigan Theater,Ann Arbor,,,,,,
2026-07-12,FALSE,Sat 7/11,8p,$7,,,,The Patriot,https://redfordtheatre.com/events/the-patriot-2000/,,Roland Emmerich,2000,,Redford Theatre,Detroit,,,,,,
2026-07-13,FALSE,Sun 7/12,1:30p,$11.75,Summer Classics,,,Interstellar,https://marquee-arts.org/event-page/?showingId=1017174&eventId=1017173,,Christoper Nolan,2014,,Michigan Theater,Ann Arbor,,,,,,
2026-07-13,FALSE,Sun 7/12,4p,$11.75,The Popcorn List's Pop-Up Series 2026,,,Seeds,https://marquee-arts.org/event-page/?showingId=1016988&eventId=1016987,,Brittany Shyne,2025,,Michigan Theater,Ann Arbor,,,,,,
2026-07-13,FALSE,Sun 7/12,5p,FREE,Soulfood & Soundtrack Sundays,,,Purple Rain,https://www.instagram.com/p/DYk8mR4Ojt9/,,Albert Magnoli,1984,,Lowkey,Detroit,,,,,,
2026-07-13,FALSE,Sun 7/12,7p,FREE 21+,8 Ball Movie Night: Cardio Killers,,,Killer Workout,https://8ballmovienight.weebly.com/upcoming-events.html,,David A. Prior,1987,,8 Ball Saloon,Ann Arbor,Gymkata,,,Robert Clouse,1985,
2026-07-14,FALSE,Mon 7/13,7p,$7,Motor City Cinema Society,,,The Redeemer,https://motorcitycinema.org,16MM,Constantine S. Gochis,1978,,The Screening Room,Detroit,,,,,,
2026-07-14,TRUE,Mon 7/13,7p,,,,,To Catch a Thief,,,Alfred Hitchcock,1955,,Milford Independent Cinema,Milford,,,,,,
2026-07-15,FALSE,Tue 7/14,7p,$11.75,Arthouse Revival,,,The Umbrellas of Cherbourg,https://marquee-arts.org/event-page/?showingId=1014824&eventId=842952,,Jacques Demy,1964,,Michigan Theater,Ann Arbor,,,,,,
2026-07-15,FALSE,Tue 7/14,7:30p,$11.75,Cozy Craft Club,,,Charlie's Angels,https://marquee-arts.org/event-page/?showingId=1018390&eventId=1018383,,McG,2000,,Michigan Theater,Ann Arbor,,,,,,
2026-07-16,FALSE,Wed 7/15,6p,FREE,,,,True Romance,https://www.instagram.com/p/DZXzyIFEfNB/?img_index=6,,Tony Scott,1993,,The Black Salt,Detroit,Pulp Fiction,Quentin Tarantino,1994,,,
2026-07-16,FALSE,Wed 7/15,7p,$11.75,Summer of Studio Ghibli,,,Grave of the Fireflies,https://marquee-arts.org/event-page/?showingId=1015114&eventId=698587,,Isao Takahata,1989,,Michigan Theater,Ann Arbor,,,,,,
2026-07-18,FALSE,Fri 7/17,9:30p,$11.75,Late Night Classics,,,The Descent,https://marquee-arts.org/event-page/?showingId=1017179&eventId=1017178,,Neil Marshall,2005,,Michigan Theater,Ann Arbor,,,,,,
2026-07-19,TRUE,Sat 7/18,8p,$6,,,,El Topo,https://www.senatetheater.com/events-input/el-topo-1970,,Alejandro Jodorowsky,1970,,Senate Theater,Detroit,,,,,,
2026-07-20,FALSE,Sun 7/19,11a,FREE RVSP,Family-Friendly Films,,,The Great Muppet Caper,https://marquee-arts.org/event-page/?showingId=1013444&eventId=352596,,Jim Henson,1981,,Michigan Theater,Ann Arbor,,,,,,
2026-07-20,FALSE,Sun 7/19,1:30p,$11.75,Summer Classics,,,Cool Hand Luke,https://marquee-arts.org/event-page/?showingId=1015421&eventId=1015417,,Stuart Rosenberg,1967,,Michigan Theater,Ann Arbor,,,,,,
2026-07-20,FALSE,Sun 7/19,5p,FREE,Soulfood & Soundtrack Sundays,,,Boomerang,https://www.instagram.com/p/DYk8mR4Ojt9/,,Reginald Hudlin,1992,,Lowkey,Detroit,,,,,,
2026-07-21,FALSE,Mon 7/20,7p,$7,Motor City Cinema Society,,,American Graffiti,https://motorcitycinema.org,16MM,George Lucas,1973,,The Screening Room,Detroit,,,,,,
2026-07-22,TRUE,Tue 7/21,7p,$11.75,Arthouse Revival,,,New York New York,https://marquee-arts.org/all-films/,,Martin Scorsese,1977,,Michigan Theater,Ann Arbor,,,,,,
2026-07-23,TRUE,Wed 7/22,6p,FREE,,,,Raising Arizona,https://www.instagram.com/p/DZXzyIFEfNB/?img_index=7,,Joel Coen,1987,,The Black Salt,Detroit,The Big Lebowski,Ethan Coen & Joel Coen,1998,,,
2026-07-23,TRUE,Wed 7/22,7p,$11.75,Summer of Studio Ghibli,,,Spirited Away,https://marquee-arts.org/event-page/?showingId=1015116&eventId=357151,,Hayao Miyazaki,2001,in Japanese with English subtitles,Michigan Theater,Ann Arbor,,,,,,
2026-07-24,FALSE,Thu 7/23,7p,$11.75,Happy Birthday Mel Brooks,,,History of the World Part I,https://marquee-arts.org/event-page/?showingId=1014086&eventId=457077,,Mel Brooks,1981,,Michigan Theater,Ann Arbor,,,,,,
2026-07-25,FALSE,Fri 7/24,8p,$7,,,,Pirates of the Carribbean: The Curse of the Black Pearl,https://redfordtheatre.com/events/pirates-of-the-caribbean-the-curse-of-the-black-pearl-2003/,,Gore Verbinski,2003,,Redford Theatre,Detroit,,,,,,
2026-07-25,FALSE,Fri 7/24,8p,$10,,,,Maddie's Secret,https://www.senatetheater.com/events-input/maddies-secret-2026,,John Early,2025,organ overture at 7:30p,Senate Theater,Detroit,,,,,,
2026-07-26,FALSE,Sat 7/25,2p,$7,,,,Cocoon,https://redfordtheatre.com/events/cocoon-1985/,,Ron Howard,1985,,Redford Theatre,Detroit,,,,,,
2026-07-26,FALSE,Sat 7/25,8p,$7,,,,La La Land,https://redfordtheatre.com/events/la-la-land-2016/,,Damien Chazelle,2016,,Redford Theatre,Detroit,,,,,,
2026-07-27,FALSE,Sun 7/26,11a,$6.25,New York International Childrens Film Festival,Little Kid Flicks,https://marquee-arts.org/event-page/?showingId=1011266&eventId=1011265,,,,,,shorts for ages 5+,Michigan Theater,Ann Arbor,,,,,,
2026-07-27,FALSE,Sun 7/26,12:30p,$6.25,New York International Childrens Film Festival,Big Kid Flicks,https://marquee-arts.org/event-page/?showingId=1011275&eventId=1011274,,,,,,shorts for ages 8+,Michigan Theater,Ann Arbor,,,,,,
2026-07-27,FALSE,Sun 7/26,1:30p,$11.75,Summer Classics,,,Funny Girl,https://marquee-arts.org/event-page/?showingId=1015361&eventId=383242,,William Wyler,1968,,Michigan Theater,Ann Arbor,,,,,,
2026-07-27,FALSE,Sun 7/26,2:30p,$6.25,New York International Childrens Film Festival,¡Hola Cine!,https://marquee-arts.org/event-page/?showingId=1011271&eventId=1011269,,,,,,shorts for ages 8+ in English and Spanish with English subtitles,Michigan Theater,Ann Arbor,,,,,,
2026-07-27,FALSE,Sun 7/26,4:30p,$6.25,New York International Childrens Film Festival,Pride,https://marquee-arts.org/event-page/?showingId=1011273&eventId=1011272,,,,,,shorts for ages 10+,Michigan Theater,Ann Arbor,,,,,,
2026-07-27,FALSE,Sun 7/26,5p,FREE,Soulfood & Soundtrack Sundays,,,Soul Food,https://www.instagram.com/p/DYk8mR4Ojt9/,,George Tillman Jr.,1997,,Lowkey,Detroit,,,,,,
2026-07-28,FALSE,Mon 7/27,7p,$7,Motor City Cinema Society,Back Alley Broadcast Vol 1,https://motorcitycinema.org,,,16MM,,,,The Screening Room,Detroit,,,,,,
2026-07-28,FALSE,Mon 7/27,6p,FREE,,,,Teen Witch,https://www.instagram.com/p/DZXzyIFEfNB/?img_index=8,,Dorian Walker,1989,,The Black Salt,Detroit,Splash,Ron Howard,1984,,,
2026-07-30,TRUE,Wed 7/29,7p,$11.75,Summer of Studio Ghibli,,,Princess Mononoke,https://marquee-arts.org/event-page/?showingId=1015117&eventId=301255,,Hayao Miyazaki,1997,in Japanese with English subtitles,Michigan Theater,Ann Arbor,,,,,,
2026-08-01,TRUE,Fri 7/31,7p,$11.75,Arthouse Theater Day,,,Sorry to Bother You,https://marquee-arts.org/event-page/?showingId=1017064&eventId=385427,,Boots Riley,2018,,Michigan Theater,Ann Arbor,,,,,,
2026-08-01,FALSE,Fri 7/31,8p,$6,,,,Tears of the Black Tiger,https://www.senatetheater.com/events-input/tears-of-the-black-tiger-2000,,Wisit Sasanatieng,2000,in Thai with English subtitles,Senate Theater,Detroit,,,,,,
2026-08-01,FALSE,Fri 7/31,9:30p,$11.75,Late Night Classics,,,The Hills Have Eyes,https://marquee-arts.org/event-page/?showingId=1014098&eventId=1014097,,Wes Craven,1977,,Michigan Theater,Ann Arbor,,,,,,
2026-08-02,FALSE,Sat 8/1,8p,$11.75,The Popcorn List's Pop-Up Series 2026,,,Fucktoys,https://marquee-arts.org/event-page/?showingId=1016983&eventId=1016980,,Annapurna Sriram,2025,,Michigan Theater,Ann Arbor,,,,,,
2026-08-03,FALSE,Sun 8/2,1:30p,$11.75,Summer Classics,,,Network,https://marquee-arts.org/event-page/?showingId=1017580&eventId=647014,,Sidney Lumet,1976,,Michigan Theater,Ann Arbor,,,,,,
2026-08-04,FALSE,Mon 8/3,7p,$7,Motor City Cinema Society,,,The Wayward Girl,https://motorcitycinema.org,16MM,Lesley Selander,1957,,The Screening Room,Detroit,,,,,,
2026-08-05,TRUE,Tue 8/4,7p,$11.75,Arthouse Revival,,,American Movie,https://marquee-arts.org/event-page/?showingId=1018616&eventId=1018615,,Chris Smith,1999,,Michigan Theater,Ann Arbor,,,,,,
2026-08-06,FALSE,Wed 8/5,7p,$11.75,Summer of Studio Ghibli,,,Ponyo,https://marquee-arts.org/event-page/?showingId=1015118&eventId=452780,,Hayao Miyazaki,2008,in Japanese with English subtitles,Michigan Theater,Ann Arbor,,,,,,
2026-08-07,FALSE,Thu 8/6,7p,$11.75,Happy Birthday Mel Brooks,,,Spaceballs,https://marquee-arts.org/event-page/?showingId=1015274&eventId=224641,,Mel Brooks,1987,,Michigan Theater,Ann Arbor,,,,,,
2026-08-08,FALSE,Fri 8/7,7:30p,$12,,,,1969 Killers Freaks and Radicals,https://www.senatetheater.com/events-input/1969-killers-freaks-and-radicals-encore,,Andrew Templeton,2025,post-film discussion with director,Senate Theater,Detroit,,,,,,
2026-08-08,FALSE,Fri 8/7,8p,$7,,,,Teenage Mutant Ninja Turtles,https://redfordtheatre.com/events/teenage-mutant-ninja-turtles-1990/,,Steve Barron,1990,,Redford Theatre,Detroit,,,,,,
2026-08-08,FALSE,Fri 8/7,9:30p,$11.75,Late Night Classics,,,Piranha,https://marquee-arts.org/event-page/?showingId=1018544&eventId=1018542,,Joe Dante,1978,,Michigan Theater,Ann Arbor,,,,,,
2026-08-09,FALSE,Sat 8/8,11a,$11.75,Summer of Studio Ghibli,,,Ponyo,https://marquee-arts.org/event-page/?showingId=1015118&eventId=452780,,Hayao Miyazaki,2008,dubbed in English,Michigan Theater,Ann Arbor,,,,,,
2026-08-09,TRUE,Sat 8/8,2p,$7,,,,Harvey,https://redfordtheatre.com/events/harvey-1950/,,Henry Koster,1950,,Redford Theatre,Detroit,,,,,,
2026-08-09,FALSE,Sat 8/8,7p,$11.75,,,,1969 Killers Freaks and Radicals,https://marquee-arts.org/event-page/?showingId=1017006&eventId=686508,,Andrew Templeton,2025,post-film discussion with director,Michigan Theater,Ann Arbor,,,,,,
2026-08-09,FALSE,Sat 8/8,8p,$7,,,,The Help,https://redfordtheatre.com/events/the-help-2011/,,Tate Taylor,2011,,Redford Theatre,Detroit,,,,,,
2026-08-11,FALSE,Mon 8/10,7p,$7,Motor City Cinema Society,,,The Artist Was a Woman,https://motorcitycinema.org,16MM,Suzanne Bauman,,,The Screening Room,Detroit,,,,,,
2026-08-12,FALSE,Tue 8/11,7p,$11.75,Arthouse Revival,,,The Player,https://marquee-arts.org/event-page/?showingId=1018616&eventId=1018615,,Robert Altman,1992,,Michigan Theater,Ann Arbor,,,,,,
2026-08-13,FALSE,Wed 8/12,7p,$11.75,Summer of Studio Ghibli,,,The Boy and the Heron,https://marquee-arts.org/event-page/?showingId=1015121&eventId=834544,,Hayao Miyazaki,2023,in Japanese with English subtitles,Michigan Theater,Ann Arbor,,,,,,
2026-08-14,FALSE,Thu 8/13,7p,$11.75,Happy Birthday Mel Brooks,,,Robin Hood: Men in Tights,https://marquee-arts.org/event-page/?showingId=1015170&eventId=1015169,,Mel Brooks,1993,,Michigan Theater,Ann Arbor,,,,,,
2026-08-16,TRUE,Sat 8/15,8:45p,FREE,Outdoor Screening,,,The Giant Gila Monster,https://www.senatetheater.com/events-input/the-giant-gila-monster-1959-free-outdoor-screening,,Ray Kellogg,1959,,Senate Theater,Detroit,,,,,,
2026-08-16,FALSE,Sat 8/15,1:30p,$11.75,Martial Arts Matinees,,,A Chinese Ghost Story,https://marquee-arts.org/event-page/?showingId=1018558&eventId=1018555,,Ching Siu-tung,1987,,Michigan Theater,Ann Arbor,,,,,,
2026-08-17,FALSE,Sun 8/16,1:30p,$11.75,Summer Classics,,,Woodstock,https://marquee-arts.org/event-page/?showingId=1018614&eventId=1018613,,Michael Wadleigh,1970,,Michigan Theater,Ann Arbor,,,,,,
2026-08-17,FALSE,Sun 8/16,11:00a,FREE,Family-Friendly Films,,,The SpongeBob SquarePants Movie,https://marquee-arts.org/event-page/?showingId=1014080&eventId=1014079,,Stephen Hillenberg,2004,,Michigan Theater,Ann Arbor,,,,,,
2026-08-18,FALSE,Mon 8/17,7p,$7,Motor City Cinema Society,,,The Men,https://motorcitycinema.org,16MM,Fred Zinneman,1950,,The Screening Room,Detroit,,,,,,
2026-08-19,TRUE,Tue 8/18,7p,$11.75,Arthouse Revival,,,Sullivan's Travels,https://marquee-arts.org/event-page/?showingId=1019524&eventId=1019518,,Preston Sturges,1941,,Michigan Theater,Ann Arbor,,,,,,
2026-08-20,FALSE,Wed 8/19,7p,$11.75,Summer of Studio Ghibli,,,My Neighbor Totoro,https://marquee-arts.org/event-page/?showingId=1015122&eventId=774768,,Hayao Miyazaki,1988,in Japanese with English subtitles,Michigan Theater,Ann Arbor,,,,,,
2026-08-21,FALSE,Thu 8/20,7p,$11.75,Happy Birthday Mel Brooks,,,Silent Movie,https://marquee-arts.org/event-page/?showingId=1015168&eventId=1015150,,Mel Brooks,1976,,Michigan Theater,Ann Arbor,,,,,,
2026-08-22,FALSE,Fri 8/21,9:30p,$11.75,Late Night Classics,,,I Know What You Did Last Summer,https://marquee-arts.org/event-page/?showingId=1022644&eventId=1020796,,Jim Gillespie,1997,,Michigan Theater,Ann Arbor,,,,,,
2026-08-23,FALSE,Sat 8/22,11a,$11.75,Summer of Studio Ghibli,,,My Neighbor Totoro,https://marquee-arts.org/event-page/?showingId=1015122&eventId=774768,,Hayao Miyazaki,1988,dubbed in English,Michigan Theater,Ann Arbor,,,,,,
2026-08-24,TRUE,Sun 8/23,1:30p,$11.75,Summer Classics,,,"The Good, The Bad and The Ugly",https://marquee-arts.org/event-page/?showingId=1018618&eventId=1018617,,Sergio Leone,1966,,Michigan Theater,Ann Arbor,,,,,,
2026-08-25,FALSE,Mon 8/24,7p,$7,Motor City Cinema Society,,,Superman III,https://motorcitycinema.org,16MM,Richard Lester,1983,,The Screening Room,Detroit,,,,,,
2026-08-27,FALSE,Wed 8/26,7p,$11.75,Summer of Studio Ghibli,,,Howl's Moving Castle,https://marquee-arts.org/event-page/?showingId=1015125&eventId=357150,,Hayao Miyazaki,2005,in Japanese with English subtitles,Michigan Theater,Ann Arbor,,,,,,
2026-08-28,FALSE,Thu 8/27,7p,$11.75,Happy Birthday Mel Brooks,,,Young Frankenstein,https://marquee-arts.org/event-page/?showingId=1014096&eventId=403556,,Mel Brooks,1974,,Michigan Theater,Ann Arbor,,,,,,
2026-08-29,FALSE,Fri 8/28,8p,$7,,,,Stand by Me,https://redfordtheatre.com/events/stand-by-me-1986/,,Rob Reiner,1986,,Redford Theatre,Detroit,,,,,,
2026-08-29,FALSE,Fri 8/28,9:30p,$11.75,Late Night Classics,,,Cabin in the Woods,https://marquee-arts.org/event-page/?showingId=1019525&eventId=404840,,Drew Goddard,2011,,Michigan Theater,Ann Arbor,,,,,,
2026-08-30,FALSE,Sat 8/29,2p,$7,,,,Willy Wonka and the Chocolate Factory,https://redfordtheatre.com/events/willy-wonka-the-chocolate-factory-1971/,,Mel Stuart,1971,,Redford Theatre,Detroit,,,,,,
2026-08-30,FALSE,Sat 8/29,8p,$7,,,,Catch Me If You Can,https://redfordtheatre.com/events/catch-me-if-you-can-2003-on-35mm-film/,35MM,Steven Spielberg,2002,,Redford Theatre,Detroit,,,,,,
2026-08-31,FALSE,Sun 8/30,1:30p,$11.75,Summer Classics,,,Lawrence of Arabia,https://marquee-arts.org/event-page/?showingId=1018566&eventId=729741,,David Lean,1962,,Michigan Theater,Ann Arbor,,,,,,
2026-09-05,FALSE,Fri 9/4,7p,$31.25,,,,The Room,https://marquee-arts.org/event-page/?showingId=1016366&eventId=1016362,,Tommy Wiseau,2001,with Greg Sestero,Michigan Theater,Ann Arbor,The Big Shark,Tommy Wiseau,2023,,,
2026-09-05,TRUE,Fri 9/4,8p,$15,Motor City Cinema Society,,,One Battle After Another,https://motorcitycinema.org,70MM,Paul Thomas Anderson,2025,,Redford Theatre,Detroit,,,,,,
2026-09-06,TRUE,Sat 9/5,8p,$15,Motor City Cinema Society,,,One Battle After Another,https://motorcitycinema.org,70MM,Paul Thomas Anderson,2025,,Redford Theatre,Detroit,,,,,,
2026-09-07,FALSE,Sun 9/6,11a,FREE RSVP,Family-Friendly Films,,,Sing,https://marquee-arts.org/event-page/?showingId=1013448&eventId=1013445,,Garth Jennings,2016,,Michigan Theater,Ann Arbor,,,,,,
2026-09-07,FALSE,Sun 9/6,2:00p,$11.75 / FREE for students,Summer Classics,,,Casablanca,https://marquee-arts.org/event-page/?showingId=1018612&eventId=158186,,Michael Curtiz,1942,,Michigan Theater,Ann Arbor,,,,,,
2026-09-12,FALSE,Fri 9/11,8p,$6,,,,Point Break,https://www.senatetheater.com/events-input/point-break-1991,,Kathryn Bigelow,1991,,Senate Theater,Detroit,,,,,,
2026-10-08,TRUE,Wed 10/7,8p,$15,Silents at the Senate,Celebrating the 100th Anniversary of the Senate Theater’s Grand Opening!,,The Volga Boatman,https://www.senatetheater.com/events-input/silents-at-the-senate-presents-a-centennial-encore-of-cecille-b-demilles-the-volga-boatman-1926,,Cecile B DeMille,1926,live organ accompaniment by Lance Luce,Senate Theater,Detroit,,,,,,
2026-10-18,TRUE,Sat 10/17,8p,$15,Silents at the Senate,,,Faust,https://www.senatetheater.com/events-input/silents-at-the-senate-presents-faust-1926-100th-anniversary-screening,,F. W. Murnau,1926,live organ accompaniment by Stephen Warner,Senate Theater,Detroit,,,,,,
2026-10-26,FALSE,Sun 10/25,2:00p,FREE,Family-Friendly Films,,,Hotel Transylvania,https://marquee-arts.org/event-page/?showingId=1018388&eventId=1015735,,Genndy Tartakovsky,2012,,Michigan Theater,Ann Arbor,,,,,,
2026-11-08,TRUE,Sat 11/7,8p,$15,Silents at the Senate,,,The Freshman,https://www.senatetheater.com/events-input/silents-at-the-senate-presents-the-freshman-1925,,Harold Lloyd,1925,live organ accompaniment by John Lauter,Senate Theater,Detroit,,,,,,
2026-12-28,FALSE,Sun 12/27,11a,FREE RSVP,Family-Friendly Films,,,The Lego Movie,https://marquee-arts.org/event-page/?showingId=1015734&eventId=733158,,Phil Lord & Christopher Miller,2014,,Michigan Theater,Ann Arbor,,,,,,